time_msec,mse_surprise
3390,0.193015028048
7366,0.213250363283
20571,0.226519192805
40183,0.234282351819
