case	 test 	 VOI(test)
0 	 63 	 -2.16592192758401
1 	 5 	 -2.05865544409254
2 	 63 	 -2.16592192758401
3 	 63 	 -2.16592192758401
